name,id,accuracy,pp,power,priority,type,short_descripton,effect1,degree1,choice1,chance1,effect2,degree2,choice2,chance2,effect3,degree3,choice3,chance3,damage_class
Pound,1,100,35,40,0,Normal,Inflicts regular damage with no additional effect.,EFFTYPE_NONE,0,0,0,EFFTYPE_NONE,0,0,0,EFFTYPE_NONE,0,0,0,Physical
Karate Chop,2,100,25,50,0,Fighting,Has an increased chance for a critical hit.,EFFTYPE_CRIT,0,0,0,EFFTYPE_NONE,0,0,0,EFFTYPE_NONE,0,0,0,Physical
Double Slap,3,85,10,15,0,Normal,Hits 2-5 times in one turn.,EFFTYPE_MULTI_HIT,0,0,0,EFFTYPE_NONE,0,0,0,EFFTYPE_NONE,0,0,0,Physical
Comet Punch,4,85,15,18,0,Normal,Hits 2-5 times in one turn.,EFFTYPE_MULTI_HIT,0,0,0,EFFTYPE_NONE,0,0,0,EFFTYPE_NONE,0,0,0,Physical
Mega Punch,5,85,20,80,0,Normal,Inflicts regular damage with no additional effect.,EFFTYPE_NONE,0,0,0,EFFTYPE_NONE,0,0,0,EFFTYPE_NONE,0,0,0,Physical
Pay Day,6,100,20,40,0,Normal,Scatters money on the ground worth five times the user's level.,EFFTYPE_PAYDAY,0,0,0,EFFTYPE_NONE,0,0,0,EFFTYPE_NONE,0,0,0,Physical
Fire Punch,7,100,15,75,0,Fire,Has a $effect_chance% chance to burn the target.,EFFTYPE_STATUS_CONDITION,0,1,"0,1",EFFTYPE_NONE,0,0,0,EFFTYPE_NONE,0,0,0,Physical
Ice Punch,8,100,15,75,0,Ice,Has a $effect_chance% chance to freeze the target.,EFFTYPE_STATUS_CONDITION,0,2,"0,1",EFFTYPE_NONE,0,0,0,EFFTYPE_NONE,0,0,0,Physical
Thunder Punch,9,100,15,75,0,Electric,Has a $effect_chance% chance to paralyze the target.,EFFTYPE_STATUS_CONDITION,0,0,"0,1",EFFTYPE_NONE,0,0,0,EFFTYPE_NONE,0,0,0,Physical
Scratch,10,100,35,40,0,Normal,Inflicts regular damage with no additional effect.,EFFTYPE_NONE,0,0,0,EFFTYPE_NONE,0,0,0,EFFTYPE_NONE,0,0,0,Physical
Vice Grip,11,100,30,55,0,Normal,Inflicts regular damage with no additional effect.,EFFTYPE_NONE,0,0,0,EFFTYPE_NONE,0,0,0,EFFTYPE_NONE,0,0,0,Physical
Guillotine,12,30,5,,0,Normal,Causes a one-hit KO.,EFFTYPE_OHKO,0,0,0,EFFTYPE_NONE,0,0,0,EFFTYPE_NONE,0,0,0,Physical
Razor Wind,13,100,10,80,0,Normal,Requires a turn to charge before attacking.,EFFTYPE_CHARGE,0,0,0,EFFTYPE_NONE,0,0,0,EFFTYPE_NONE,0,0,0,Special
Swords Dance,14,,20,,0,Normal,Raises the user's Attack by two stages.,EFFTYPE_BUFF,2,1,1,EFFTYPE_NONE,0,0,0,EFFTYPE_NONE,0,0,0,Status
Cut,15,95,30,50,0,Normal,Inflicts regular damage with no additional effect.,EFFTYPE_NONE,0,0,0,EFFTYPE_NONE,0,0,0,EFFTYPE_NONE,0,0,0,Physical
Gust,16,100,35,40,0,Flying,Inflicts regular damage and can hit Pokémon in the air.,EFFTYPE_HITS_FLY,0,0,0,EFFTYPE_NONE,0,0,0,EFFTYPE_NONE,0,0,0,Special
Wing Attack,17,100,35,60,0,Flying,Inflicts regular damage with no additional effect.,EFFTYPE_NONE,0,0,0,EFFTYPE_NONE,0,0,0,EFFTYPE_NONE,0,0,0,Physical
Whirlwind,18,,20,,-6,Normal,Immediately ends wild battles.  Forces trainers to switch Pokémon.,EFFTYPE_FORCE_SWITCH,0,0,0,EFFTYPE_NONE,0,0,0,EFFTYPE_NONE,0,0,0,Status
Fly,19,95,15,90,0,Flying,"User flies high into the air, dodging all attacks, and hits next turn.",EFFTYPE_FLY,0,0,0,EFFTYPE_NONE,0,0,0,EFFTYPE_NONE,0,0,0,Physical
Bind,20,85,20,15,0,Normal,Prevents the target from fleeing and inflicts damage for 2-5 turns.,EFFTYPE_DAMAGE_TRAP,0,0,0,EFFTYPE_NONE,0,0,0,EFFTYPE_NONE,0,0,0,Physical
Slam,21,75,20,80,0,Normal,Inflicts regular damage with no additional effect.,EFFTYPE_NONE,0,0,0,EFFTYPE_NONE,0,0,0,EFFTYPE_NONE,0,0,0,Physical
Vine Whip,22,100,25,45,0,Grass,Inflicts regular damage with no additional effect.,EFFTYPE_NONE,0,0,0,EFFTYPE_NONE,0,0,0,EFFTYPE_NONE,0,0,0,Physical
Stomp,23,100,20,65,0,Normal,Has a $effect_chance% chance to make the target flinch.,EFFTYPE_FLINCH,0,0,"0,3",EFFTYPE_NONE,0,0,0,EFFTYPE_NONE,0,0,0,Physical
Double Kick,24,100,30,30,0,Fighting,Hits twice in one turn.,EFFTYPE_COMBO,2,0,0,EFFTYPE_NONE,0,0,0,EFFTYPE_NONE,0,0,0,Physical
Mega Kick,25,75,5,120,0,Normal,Inflicts regular damage with no additional effect.,EFFTYPE_NONE,0,0,0,EFFTYPE_NONE,0,0,0,EFFTYPE_NONE,0,0,0,Physical
Jump Kick,26,95,10,100,0,Fighting,"If the user misses, it takes half the damage it would have inflicted in recoil.",EFFTYPE_CRASH,0,0,0,EFFTYPE_NONE,0,0,0,EFFTYPE_NONE,0,0,0,Physical
Rolling Kick,27,85,15,60,0,Fighting,Has a $effect_chance% chance to make the target flinch.,EFFTYPE_FLINCH,0,0,"0,3",EFFTYPE_NONE,0,0,0,EFFTYPE_NONE,0,0,0,Physical
Sand Attack,28,100,15,,0,Ground,Lowers the target's accuracy by one stage.,EFFTYPE_DEBUFF,1,6,1,EFFTYPE_NONE,0,0,0,EFFTYPE_NONE,0,0,0,Status
Headbutt,29,100,15,70,0,Normal,Has a $effect_chance% chance to make the target flinch.,EFFTYPE_FLINCH,0,0,"0,3",EFFTYPE_NONE,0,0,0,EFFTYPE_NONE,0,0,0,Physical
Horn Attack,30,100,25,65,0,Normal,Inflicts regular damage with no additional effect.,EFFTYPE_NONE,0,0,0,EFFTYPE_NONE,0,0,0,EFFTYPE_NONE,0,0,0,Physical
Fury Attack,31,85,20,15,0,Normal,Hits 2-5 times in one turn.,EFFTYPE_MULTI_HIT,0,0,0,EFFTYPE_NONE,0,0,0,EFFTYPE_NONE,0,0,0,Physical
Horn Drill,32,30,5,,0,Normal,Causes a one-hit KO.,EFFTYPE_OHKO,0,0,0,EFFTYPE_NONE,0,0,0,EFFTYPE_NONE,0,0,0,Physical
Tackle,33,100,35,40,0,Normal,Inflicts regular damage with no additional effect.,EFFTYPE_NONE,0,0,0,EFFTYPE_NONE,0,0,0,EFFTYPE_NONE,0,0,0,Physical
Body Slam,34,100,15,85,0,Normal,Has a $effect_chance% chance to paralyze the target.,EFFTYPE_STATUS_CONDITION,0,0,"0,1",EFFTYPE_NONE,0,0,0,EFFTYPE_NONE,0,0,0,Physical
Wrap,35,90,20,15,0,Normal,Prevents the target from fleeing and inflicts damage for 2-5 turns.,EFFTYPE_DAMAGE_TRAP,0,0,0,EFFTYPE_NONE,0,0,0,EFFTYPE_NONE,0,0,0,Physical
Take Down,36,85,20,90,0,Normal,User receives 1/4 the damage it inflicts in recoil.,EFFTYPE_RECOIL,4,0,0,EFFTYPE_NONE,0,0,0,EFFTYPE_NONE,0,0,0,Physical
Thrash,37,100,10,120,0,Normal,"Hits every turn for 2-3 turns, then confuses the user.",EFFTYPE_OUTRAGE,0,0,0,EFFTYPE_NONE,0,0,0,EFFTYPE_NONE,0,0,0,Physical
Double Edge,38,100,15,120,0,Normal,User receives 1/3 the damage inflicted in recoil.,EFFTYPE_RECOIL,3,0,0,EFFTYPE_NONE,0,0,0,EFFTYPE_NONE,0,0,0,Physical
Tail Whip,39,100,30,,0,Normal,Lowers the target's Defense by one stage.,EFFTYPE_DEBUFF,1,2,0,EFFTYPE_NONE,0,0,0,EFFTYPE_NONE,0,0,0,Status
Poison Sting,40,100,35,15,0,Poison,Has a $effect_chance% chance to poison the target.,EFFTYPE_STATUS_CONDITION,0,3,"0,3",EFFTYPE_NONE,0,0,0,EFFTYPE_NONE,0,0,0,Physical
Twineedle,41,100,20,25,0,Bug,Hits twice in the same turn.  Has a $effect_chance% chance to poison the target.,EFFTYPE_COMBO,2,0,0,EFFTYPE_STATUS_CONDITION,0,3,"0,2",EFFTYPE_NONE,0,0,0,Physical
Pin Missile,42,95,20,25,0,Bug,Hits 2-5 times in one turn.,EFFTYPE_MULTI_HIT,0,0,0,EFFTYPE_NONE,0,0,0,EFFTYPE_NONE,0,0,0,Physical
Leer,43,100,30,,0,Normal,Lowers the target's Defense by one stage.,EFFTYPE_DEBUFF,1,2,0,EFFTYPE_NONE,0,0,0,EFFTYPE_NONE,0,0,0,Status
Bite,44,100,25,60,0,Dark,Has a $effect_chance% chance to make the target flinch.,"EFFTYPE_FLINCH
",0,0,"0,3",EFFTYPE_NONE,0,0,0,EFFTYPE_NONE,0,0,0,Physical
Growl,45,100,40,,0,Normal,Lowers the target's Attack by one stage.,EFFTYPE_DEBUFF,1,1,0,EFFTYPE_NONE,0,0,0,EFFTYPE_NONE,0,0,0,Status
Roar,46,,20,,-6,Normal,Immediately ends wild battles.  Forces trainers to switch Pokémon.,EFFTYPE_FORCE_SWITCH,0,0,0,EFFTYPE_NONE,0,0,0,EFFTYPE_NONE,0,0,0,Status
Sing,47,55,15,,0,Normal,Puts the target to sleep.,EFFTYPE_STATUS_CONDITION,0,4,1,EFFTYPE_NONE,0,0,0,EFFTYPE_NONE,0,0,0,Status
Supersonic,48,55,20,,0,Normal,Confuses the target.,EFFTYPE_STATUS_CONDITION,0,5,1,EFFTYPE_NONE,0,0,0,EFFTYPE_NONE,0,0,0,Status
Sonic Boom,49,90,20,,0,Normal,Inflicts 20 points of damage.,EFFTYPE_FIXED_DAMAGE,20,0,0,EFFTYPE_NONE,0,0,0,EFFTYPE_NONE,0,0,0,Special
Disable,50,100,20,,0,Normal,Disables the target's last used move for 1-8 turns.,EFFTYPE_DISABLE_MOVE,0,0,0,EFFTYPE_NONE,0,0,0,EFFTYPE_NONE,0,0,0,Status
Acid,51,100,30,40,0,Poison,Has a $effect_chance% chance to lower the target's Special Defense by one stage.,EFFTYPE_DEBUFF,1,4,"0,1",EFFTYPE_NONE,0,0,0,EFFTYPE_NONE,0,0,0,Special
Ember,52,100,25,40,0,Fire,Has a $effect_chance% chance to burn the target.,EFFTYPE_STATUS_CONDITION,0,1,"0,1",EFFTYPE_NONE,0,0,0,EFFTYPE_NONE,0,0,0,Special
Flamethrower,53,100,15,90,0,Fire,Has a $effect_chance% chance to burn the target.,EFFTYPE_STATUS_CONDITION,0,1,"0,1",EFFTYPE_NONE,0,0,0,EFFTYPE_NONE,0,0,0,Special
Mist,54,,30,,0,Ice,Protects the user's stats from being changed by enemy moves.,EFFTYPE_MIST,0,0,0,EFFTYPE_NONE,0,0,0,EFFTYPE_NONE,0,0,0,Status
Water Gun,55,100,25,40,0,Water,Inflicts regular damage with no additional effect.,EFFTYPE_NONE,0,0,0,EFFTYPE_NONE,0,0,0,EFFTYPE_NONE,0,0,0,Special
Hydro Pump,56,80,5,110,0,Water,Inflicts regular damage with no additional effect.,EFFTYPE_NONE,0,0,0,EFFTYPE_NONE,0,0,0,EFFTYPE_NONE,0,0,0,Special
Surf,57,100,15,90,0,Water,Inflicts regular damage and can hit Dive users.,EFFTYPE_HITS_DIVE,0,0,0,EFFTYPE_NONE,0,0,0,EFFTYPE_NONE,0,0,0,Special
Ice Beam,58,100,10,90,0,Ice,Has a $effect_chance% chance to freeze the target.,EFFTYPE_STATUS_CONDITION,0,2,"0,1",EFFTYPE_NONE,0,0,0,EFFTYPE_NONE,0,0,0,Special
Blizzard,59,70,5,110,0,Ice,Has a $effect_chance% chance to freeze the target.,EFFTYPE_STATUS_CONDITION,0,2,"0,1",EFFTYPE_NONE,0,0,0,EFFTYPE_NONE,0,0,0,Special
Psybeam,60,100,20,65,0,Psychic,Has a $effect_chance% chance to confuse the target.,EFFTYPE_STATUS_CONDITION,0,5,"0,1",EFFTYPE_NONE,0,0,0,EFFTYPE_NONE,0,0,0,Special
Bubble Beam,61,100,20,65,0,Water,Has a $effect_chance% chance to lower the target's Speed by one stage.,EFFTYPE_DEBUFF,1,5,"0,1",EFFTYPE_NONE,0,0,0,EFFTYPE_NONE,0,0,0,Special
Aurora Beam,62,100,20,65,0,Ice,Has a $effect_chance% chance to lower the target's Attack by one stage.,EFFTYPE_DEBUFF,1,1,"0,1",EFFTYPE_NONE,0,0,0,EFFTYPE_NONE,0,0,0,Special
Hyper Beam,63,90,5,150,0,Normal,User foregoes its next turn to recharge.,EFFTYPE_RECHARGE,0,0,0,EFFTYPE_NONE,0,0,0,EFFTYPE_NONE,0,0,0,Special
Peck,64,100,35,35,0,Flying,Inflicts regular damage with no additional effect.,EFFTYPE_NONE,0,0,0,EFFTYPE_NONE,0,0,0,EFFTYPE_NONE,0,0,0,Physical
Drill Peck,65,100,20,80,0,Flying,Inflicts regular damage with no additional effect.,EFFTYPE_NONE,0,0,0,EFFTYPE_NONE,0,0,0,EFFTYPE_NONE,0,0,0,Physical
Submission,66,80,20,80,0,Fighting,User receives 1/4 the damage it inflicts in recoil.,EFFTYPE_RECOIL,4,0,0,EFFTYPE_NONE,0,0,0,EFFTYPE_NONE,0,0,0,Physical
Low Kick,67,100,20,,0,Fighting,"Inflicts more damage to heavier targets, with a maximum of 120 power.",EFFTYPE_LOW_KICK,0,0,0,EFFTYPE_NONE,0,0,0,EFFTYPE_NONE,0,0,0,Physical
Counter,68,100,20,,-5,Fighting,Inflicts twice the damage the user received from the last physical hit it took.,EFFTYPE_COUNTER,0,0,0,EFFTYPE_NONE,0,0,0,EFFTYPE_NONE,0,0,0,Physical
Seismic Toss,69,100,20,,0,Fighting,Inflicts damage equal to the user's level.,EFFTYPE_FIXED_DAMAGE,0,1,0,EFFTYPE_NONE,0,0,0,EFFTYPE_NONE,0,0,0,Physical
Strength,70,100,15,80,0,Normal,Inflicts regular damage with no additional effect.,EFFTYPE_NONE,0,0,0,EFFTYPE_NONE,0,0,0,EFFTYPE_NONE,0,0,0,Physical
Absorb,71,100,25,20,0,Grass,Drains half the damage inflicted to heal the user.,EFFTYPE_DRAIN,0,0,0,EFFTYPE_NONE,0,0,0,EFFTYPE_NONE,0,0,0,Special
Mega Drain,72,100,15,40,0,Grass,Drains half the damage inflicted to heal the user.,EFFTYPE_DRAIN,0,0,0,EFFTYPE_NONE,0,0,0,EFFTYPE_NONE,0,0,0,Special
Leech Seed,73,90,10,,0,Grass,"Seeds the target, stealing HP from it every turn.",EFFTYPE_LEECH_SEED,0,0,0,EFFTYPE_NONE,0,0,0,EFFTYPE_NONE,0,0,0,Status
Growth,74,,20,,0,Normal,Raises the user's Attack and Special Attack by one stage.,EFFTYPE_BUFF,1,1,1,EFFTYPE_BUFF,1,3,1,EFFTYPE_NONE,0,0,0,Status
Razor Leaf,75,95,25,55,0,Grass,Has an increased chance for a critical hit.,EFFTYPE_CRIT,0,0,0,EFFTYPE_NONE,0,0,0,EFFTYPE_NONE,0,0,0,Physical
Solar Beam,76,100,10,120,0,Grass,Requires a turn to charge before attacking.,EFFTYPE_CHARGE,0,0,0,EFFTYPE_NONE,0,0,0,EFFTYPE_NONE,0,0,0,Special
Poison Powder,77,75,35,,0,Poison,Poisons the target.,EFFTYPE_STATUS_CONDITION,0,3,1,EFFTYPE_NONE,0,0,0,EFFTYPE_NONE,0,0,0,Status
Stun Spore,78,75,30,,0,Grass,Paralyzes the target.,EFFTYPE_STATUS_CONDITION,0,0,1,EFFTYPE_NONE,0,0,0,EFFTYPE_NONE,0,0,0,Status
Sleep Powder,79,75,15,,0,Grass,Puts the target to sleep.,EFFTYPE_STATUS_CONDITION,0,4,1,EFFTYPE_NONE,0,0,0,EFFTYPE_NONE,0,0,0,Status
Petal Dance,80,100,10,120,0,Grass,"Hits every turn for 2-3 turns, then confuses the user.",EFFTYPE_OUTRAGE,0,0,0,EFFTYPE_NONE,0,0,0,EFFTYPE_NONE,0,0,0,Special
String Shot,81,95,40,,0,Bug,Lowers the target's Speed by two stages.,EFFTYPE_DEBUFF,2,5,0,EFFTYPE_NONE,0,0,0,EFFTYPE_NONE,0,0,0,Status
Dragon Rage,82,100,10,,0,Dragon,Inflicts 40 points of damage.,EFFTYPE_FIXED_DAMAGE,40,0,0,EFFTYPE_NONE,0,0,0,EFFTYPE_NONE,0,0,0,Special
Fire Spin,83,85,15,35,0,Fire,Prevents the target from fleeing and inflicts damage for 2-5 turns.,EFFTYPE_DAMAGE_TRAP,0,0,0,EFFTYPE_NONE,0,0,0,EFFTYPE_NONE,0,0,0,Special
Thunder Shock,84,100,30,40,0,Electric,Has a $effect_chance% chance to paralyze the target.,EFFTYPE_STATUS_CONDITION,0,0,"0,1",EFFTYPE_NONE,0,0,0,EFFTYPE_NONE,0,0,0,Special
Thunderbolt,85,100,15,90,0,Electric,Has a $effect_chance% chance to paralyze the target.,EFFTYPE_STATUS_CONDITION,0,0,"0,1",EFFTYPE_NONE,0,0,0,EFFTYPE_NONE,0,0,0,Special
Thunder Wave,86,90,20,,0,Electric,Paralyzes the target.,EFFTYPE_STATUS_CONDITION,0,0,1,EFFTYPE_NONE,0,0,0,EFFTYPE_NONE,0,0,0,Status
Thunder,87,70,10,110,0,Electric,Has a $effect_chance% chance to paralyze the target.,EFFTYPE_STATUS_CONDITION,0,0,"0,3",EFFTYPE_NONE,0,0,0,EFFTYPE_NONE,0,0,0,Special
Rock Throw,88,90,15,50,0,Rock,Inflicts regular damage with no additional effect.,EFFTYPE_NONE,0,0,0,EFFTYPE_NONE,0,0,0,EFFTYPE_NONE,0,0,0,Physical
Earthquake,89,100,10,100,0,Ground,Inflicts regular damage and can hit Dig users.,EFFTYPE_HITS_DIG,0,0,0,EFFTYPE_NONE,0,0,0,EFFTYPE_NONE,0,0,0,Physical
Fissure,90,30,5,,0,Ground,Causes a one-hit KO.,EFFTYPE_OHKO,0,0,0,EFFTYPE_NONE,0,0,0,EFFTYPE_NONE,0,0,0,Physical
Dig,91,100,10,80,0,Ground,"User digs underground, dodging all attacks, and hits next turn.",EFFTYPE_DIG,0,0,0,EFFTYPE_NONE,0,0,0,EFFTYPE_NONE,0,0,0,Physical
Toxic,92,90,10,,0,Poison,"Badly poisons the target, inflicting more damage every turn.",EFFTYPE_STATUS_CONDITION,1,3,1,EFFTYPE_NONE,0,0,0,EFFTYPE_NONE,0,0,0,Status
Confusion,93,100,25,50,0,Psychic,Has a $effect_chance% chance to confuse the target.,EFFTYPE_STATUS_CONDITION,0,5,"0,1",EFFTYPE_NONE,0,0,0,EFFTYPE_NONE,0,0,0,Special
Psychic,94,100,10,90,0,Psychic,Has a $effect_chance% chance to lower the target's Special Defense by one stage.,EFFTYPE_DEBUFF,1,4,"0,1",EFFTYPE_NONE,0,0,0,EFFTYPE_NONE,0,0,0,Special
Hypnosis,95,60,20,,0,Psychic,Puts the target to sleep.,EFFTYPE_STATUS_CONDITION,0,4,1,EFFTYPE_NONE,0,0,0,EFFTYPE_NONE,0,0,0,Status
Meditate,96,,40,,0,Psychic,Raises the user's Attack by one stage.,EFFTYPE_BUFF,1,1,1,EFFTYPE_NONE,0,0,0,EFFTYPE_NONE,0,0,0,Status
Agility,97,,30,,0,Psychic,Raises the user's Speed by two stages.,EFFTYPE_BUFF,2,5,1,EFFTYPE_NONE,0,0,0,EFFTYPE_NONE,0,0,0,Status
Quick Attack,98,100,30,40,1,Normal,Inflicts regular damage with no additional effect.,EFFTYPE_NONE,0,0,0,EFFTYPE_NONE,0,0,0,EFFTYPE_NONE,0,0,0,Physical
Rage,99,100,20,20,0,Normal,"If the user is hit after using this move, its Attack rises by one stage.",EFFTYPE_NONE,0,0,0,EFFTYPE_NONE,0,0,0,EFFTYPE_NONE,0,0,0,Physical
Teleport,100,,20,,-6,Psychic,Immediately ends wild battles.  No effect otherwise.,EFFTYPE_NONE,0,0,0,EFFTYPE_NONE,0,0,0,EFFTYPE_NONE,0,0,0,Status
Night Shade,101,100,15,,0,Ghost,Inflicts damage equal to the user's level.,EFFTYPE_FIXED_DAMAGE,0,1,0,EFFTYPE_NONE,0,0,0,EFFTYPE_NONE,0,0,0,Special
Mimic,102,,10,,0,Normal,Copies the target's last used move.,EFFTYPE_MIMIC,0,0,0,EFFTYPE_NONE,0,0,0,EFFTYPE_NONE,0,0,0,Status
Screech,103,85,40,,0,Normal,Lowers the target's Defense by two stages.,EFFTYPE_DEBUFF,2,2,0,EFFTYPE_NONE,0,0,0,EFFTYPE_NONE,0,0,0,Status
Double Team,104,,15,,0,Normal,Raises the user's evasion by one stage.,EFFTYPE_BUFF,1,7,1,EFFTYPE_NONE,0,0,0,EFFTYPE_NONE,0,0,0,Status
Recover,105,,10,,0,Normal,Heals the user by half its max HP.,EFFTYPE_HEAL,50,0,0,EFFTYPE_NONE,0,0,0,EFFTYPE_NONE,0,0,0,Status
Harden,106,,30,,0,Normal,Raises the user's Defense by one stage.,EFFTYPE_BUFF,1,2,1,EFFTYPE_NONE,0,0,0,EFFTYPE_NONE,0,0,0,Status
Minimize,107,,10,,0,Normal,Raises the user's evasion by two stages.,EFFTYPE_BUFF,1,7,1,EFFTYPE_NONE,0,0,0,EFFTYPE_NONE,0,0,0,Status
Smokescreen,108,100,20,,0,Normal,Lowers the target's accuracy by one stage.,EFFTYPE_DEBUFF,1,6,1,EFFTYPE_NONE,0,0,0,EFFTYPE_NONE,0,0,0,Status
Confuse Ray,109,100,10,,0,Ghost,Confuses the target.,EFFTYPE_STATUS_CONDITION,0,5,1,EFFTYPE_NONE,0,0,0,EFFTYPE_NONE,0,0,0,Status
Withdraw,110,,40,,0,Water,Raises the user's Defense by one stage.,EFFTYPE_BUFF,1,2,1,EFFTYPE_NONE,0,0,0,EFFTYPE_NONE,0,0,0,Status
Defense Curl,111,,40,,0,Normal,Raises user's Defense by one stage.,EFFTYPE_BUFF,1,1,1,EFFTYPE_NONE,0,0,0,EFFTYPE_NONE,0,0,0,Status
Barrier,112,,20,,0,Psychic,Raises the user's Defense by two stages.,EFFTYPE_BUFF,2,2,1,EFFTYPE_NONE,0,0,0,EFFTYPE_NONE,0,0,0,Status
Light Screen,113,,30,,0,Psychic,Reduces damage from special attacks by 50% for five turns.,EFFTYPE_SCREEN,0,1,0,EFFTYPE_NONE,0,0,0,EFFTYPE_NONE,0,0,0,Status
Haze,114,,30,,0,Ice,"Resets all Pokémon's stats, accuracy, and evasion.",EFFTYPE_RESET_STAT_CHANGES,0,0,0,EFFTYPE_NONE,0,0,0,EFFTYPE_NONE,0,0,0,Status
Reflect,115,,20,,0,Psychic,Reduces damage from physical attacks by half.,EFFTYPE_SCREEN,0,0,0,EFFTYPE_NONE,0,0,0,EFFTYPE_NONE,0,0,0,Status
Focus Energy,116,,30,,0,Normal,Increases the user's chance to score a critical hit.,EFFTYPE_BUFF,1,8,0,EFFTYPE_NONE,0,0,0,EFFTYPE_NONE,0,0,0,Status
Bide,117,,10,,1,Normal,"User waits for two turns, then hits back for twice the damage it took.",EFFTYPE_BIDE,0,0,0,EFFTYPE_NONE,0,0,0,EFFTYPE_NONE,0,0,0,Physical
Metronome,118,,10,,0,Normal,Randomly selects and uses any move in the game.,EFFTYPE_METRONOME,0,0,0,EFFTYPE_NONE,0,0,0,EFFTYPE_NONE,0,0,0,Status
Mirror Move,119,,20,,0,Flying,Uses the target's last used move.,EFFTYPE_MIMIC,0,0,0,EFFTYPE_NONE,0,0,0,EFFTYPE_NONE,0,0,0,Status
Self Destruct,120,100,5,200,0,Normal,User faints.,EFFTYPE_DIE,0,0,0,EFFTYPE_NONE,0,0,0,EFFTYPE_NONE,0,0,0,Physical
Egg Bomb,121,75,10,100,0,Normal,Inflicts regular damage with no additional effect.,EFFTYPE_NONE,0,0,0,EFFTYPE_NONE,0,0,0,EFFTYPE_NONE,0,0,0,Physical
Lick,122,100,30,30,0,Ghost,Has a $effect_chance% chance to paralyze the target.,EFFTYPE_STATUS_CONDITION,0,0,"0,3",EFFTYPE_NONE,0,0,0,EFFTYPE_NONE,0,0,0,Physical
Smog,123,70,20,30,0,Poison,Has a $effect_chance% chance to poison the target.,Has a $effect_chance% chance to poison the target.,0,0,0,EFFTYPE_NONE,0,0,0,EFFTYPE_NONE,0,0,0,Special
Sludge,124,100,20,65,0,Poison,Has a $effect_chance% chance to poison the target.,Has a $effect_chance% chance to poison the target.,0,0,0,EFFTYPE_NONE,0,0,0,EFFTYPE_NONE,0,0,0,Special
Bone Club,125,85,20,65,0,Ground,Has a $effect_chance% chance to make the target flinch.,EFFTYPE_FLINCH,0,0,"0,1",EFFTYPE_NONE,0,0,0,EFFTYPE_NONE,0,0,0,Physical
Fire Blast,126,85,5,110,0,Fire,Has a $effect_chance% chance to burn the target.,EFFTYPE_STATUS_CONDITION,0,1,"0,1",EFFTYPE_NONE,0,0,0,EFFTYPE_NONE,0,0,0,Special
Waterfall,127,100,15,80,0,Water,Has a $effect_chance% chance to make the target flinch.,EFFTYPE_FLINCH,0,0,"0,2",EFFTYPE_NONE,0,0,0,EFFTYPE_NONE,0,0,0,Physical
Clamp,128,85,15,35,0,Water,Prevents the target from fleeing and inflicts damage for 2-5 turns.,EFFTYPE_DAMAGE_TRAP,0,0,0,EFFTYPE_NONE,0,0,0,EFFTYPE_NONE,0,0,0,Physical
Swift,129,,20,60,0,Normal,Never misses.,EFFTYPE_NONE,0,0,0,EFFTYPE_NONE,0,0,0,EFFTYPE_NONE,0,0,0,Special
Skull Bash,130,100,10,130,0,Normal,Raises the user's Defense by one stage.  User charges for one turn before attacking.,EFFTYPE_BUFF,1,2,0,EFFTYPE_CHARGE,0,0,0,EFFTYPE_NONE,0,0,0,Physical
Spike Cannon,131,100,15,20,0,Normal,Hits 2-5 times in one turn.,EFFTYPE_MULTI_HIT,0,0,0,EFFTYPE_NONE,0,0,0,EFFTYPE_NONE,0,0,0,Physical
Constrict,132,100,35,10,0,Normal,Has a $effect_chance% chance to lower the target's Speed by one stage.,EFFTYPE_DEBUFF,1,5,"0,1",EFFTYPE_NONE,0,0,0,EFFTYPE_NONE,0,0,0,Physical
Amnesia,133,,20,,0,Psychic,Raises the user's Special Defense by two stages.,EFFTYPE_BUFF,2,4,1,EFFTYPE_NONE,0,0,0,EFFTYPE_NONE,0,0,0,Status
Kinesis,134,80,15,,0,Psychic,Lowers the target's accuracy by one stage.,EFFTYPE_DEBUFF,1,6,1,EFFTYPE_NONE,0,0,0,EFFTYPE_NONE,0,0,0,Status
Soft Boiled,135,,10,,0,Normal,Heals the user by half its max HP.,EFFTYPE_HEAL,50,0,0,EFFTYPE_NONE,0,0,0,EFFTYPE_NONE,0,0,0,Status
High Jump Kick,136,90,10,130,0,Fighting,"If the user misses, it takes half the damage it would have inflicted in recoil.",EFFTYPE_CRASH,0,0,0,EFFTYPE_NONE,0,0,0,EFFTYPE_NONE,0,0,0,Physical
Glare,137,100,30,,0,Normal,Paralyzes the target.,EFFTYPE_STATUS_CONDITION,0,0,1,EFFTYPE_NONE,0,0,0,EFFTYPE_NONE,0,0,0,Status
Dream Eater,138,100,15,100,0,Psychic,Only works on sleeping Pokémon.  Drains half the damage inflicted to heal the user.,EFFTYPE_DRAIN,0,0,0,EFFTYPE_NONE,0,0,0,EFFTYPE_NONE,0,0,0,Special
Poison Gas,139,90,40,,0,Poison,Poisons the target.,EFFTYPE_STATUS_CONDITION,0,3,1,EFFTYPE_NONE,0,0,0,EFFTYPE_NONE,0,0,0,Status
Barrage,140,85,20,15,0,Normal,Hits 2-5 times in one turn.,EFFTYPE_MULTI_HIT,0,0,0,EFFTYPE_NONE,0,0,0,EFFTYPE_NONE,0,0,0,Physical
Leech Life,141,100,10,80,0,Bug,Drains half the damage inflicted to heal the user.,EFFTYPE_DRAIN,0,0,0,EFFTYPE_NONE,0,0,0,EFFTYPE_NONE,0,0,0,Physical
Lovely Kiss,142,75,10,,0,Normal,Puts the target to sleep.,EFFTYPE_STATUS_CONDITION,0,4,1,EFFTYPE_NONE,0,0,0,EFFTYPE_NONE,0,0,0,Status
Sky Attack,143,90,5,140,0,Flying,User charges for one turn before attacking.  Has a $effect_chance% chance to make the target flinch.,EFFTYPE_CHARGE,0,0,0,EFFTYPE_FLINCH,0,0,"0,3",EFFTYPE_NONE,0,0,0,Physical
Transform,144,,10,,0,Normal,User becomes a copy of the target until it leaves battle.,EFFTYPE_TRANSFORM,0,0,0,EFFTYPE_NONE,0,0,0,EFFTYPE_NONE,0,0,0,Status
Bubble,145,100,30,40,0,Water,Has a $effect_chance% chance to lower the target's Speed by one stage.,EFFTYPE_DEBUFF,1,5,"0,1",EFFTYPE_NONE,0,0,0,EFFTYPE_NONE,0,0,0,Special
Dizzy Punch,146,100,10,70,0,Normal,Has a $effect_chance% chance to confuse the target.,EFFTYPE_STATUS_CONDITION,0,5,"0,2",EFFTYPE_NONE,0,0,0,EFFTYPE_NONE,0,0,0,Physical
Spore,147,100,15,,0,Grass,Puts the target to sleep.,EFFTYPE_STATUS_CONDITION,0,4,1,EFFTYPE_NONE,0,0,0,EFFTYPE_NONE,0,0,0,Status
Flash,148,100,20,,0,Normal,Lowers the target's accuracy by one stage.,EFFTYPE_DEBUFF,1,6,1,EFFTYPE_NONE,0,0,0,EFFTYPE_NONE,0,0,0,Status
Psywave,149,100,15,,0,Psychic,Inflicts damage between 50% and 150% of the user's level.,EFFTYPE_FIXED_DAMAGE,0,3,0,EFFTYPE_NONE,0,0,0,EFFTYPE_NONE,0,0,0,Special
Splash,150,,40,,0,Normal,Does nothing.,EFFTYPE_NONE,0,0,0,EFFTYPE_NONE,0,0,0,EFFTYPE_NONE,0,0,0,Status
Acid Armor,151,,20,,0,Poison,Raises the user's Defense by two stages.,EFFTYPE_BUFF,2,2,1,EFFTYPE_NONE,0,0,0,EFFTYPE_NONE,0,0,0,Status
Crabhammer,152,90,10,100,0,Water,Has an increased chance for a critical hit.,EFFTYPE_CRIT,0,0,0,EFFTYPE_NONE,0,0,0,EFFTYPE_NONE,0,0,0,Physical
Explosion,153,100,5,250,0,Normal,User faints.,EFFTYPE_DIE,0,0,0,EFFTYPE_NONE,0,0,0,EFFTYPE_NONE,0,0,0,Physical
Fury Swipes,154,80,15,18,0,Normal,Hits 2-5 times in one turn.,EFFTYPE_MULTI_HIT,0,0,0,EFFTYPE_NONE,0,0,0,EFFTYPE_NONE,0,0,0,Physical
Bonemerang,155,90,10,50,0,Ground,Hits twice in one turn.,EFFTYPE_COMBO,2,0,0,EFFTYPE_NONE,0,0,0,EFFTYPE_NONE,0,0,0,Physical
Rest,156,,10,,0,Psychic,"User sleeps for two turns, completely healing itself.",EFFTYPE_REST,0,0,0,EFFTYPE_NONE,0,0,0,EFFTYPE_NONE,0,0,0,Status
Rock Slide,157,90,10,75,0,Rock,Has a $effect_chance% chance to make the target flinch.,EFFTYPE_FLINCH,0,0,"0,3",EFFTYPE_NONE,0,0,0,EFFTYPE_NONE,0,0,0,Physical
Hyper Fang,158,90,15,80,0,Normal,Has a $effect_chance% chance to make the target flinch.,EFFTYPE_FLINCH,0,0,"0,1",EFFTYPE_NONE,0,0,0,EFFTYPE_NONE,0,0,0,Physical
Sharpen,159,,30,,0,Normal,Raises the user's Attack by one stage.,EFFTYPE_BUFF,1,1,1,EFFTYPE_NONE,0,0,0,EFFTYPE_NONE,0,0,0,Status
Conversion,160,,30,,0,Normal,User's type changes to the type of one of its moves at random.,EFFTYPE_CONVERSION,0,0,0,EFFTYPE_NONE,0,0,0,EFFTYPE_NONE,0,0,0,Status
Tri Attack,161,100,10,80,0,Normal,"Has a $effect_chance% chance to burn, freeze, or paralyze the target.",EFFTYPE_TRI_ATTACK,0,0,"0,2",EFFTYPE_NONE,0,0,0,EFFTYPE_NONE,0,0,0,Special
Super Fang,162,90,10,,0,Normal,Inflicts damage equal to half the target's HP.,EFFTYPE_FIXED_DAMAGE,0,2,0,EFFTYPE_NONE,0,0,0,EFFTYPE_NONE,0,0,0,Physical
Slash,163,100,20,70,0,Normal,Has an increased chance for a critical hit.,EFFTYPE_CRIT,0,0,0,EFFTYPE_NONE,0,0,0,EFFTYPE_NONE,0,0,0,Physical
Substitute,164,,10,,0,Normal,"Transfers 1/4 of the user's max HP into a doll, protecting the user from further damage or status changes until it breaks.",EFFTYPE_SUBSTITUTE,0,0,0,EFFTYPE_NONE,0,0,0,EFFTYPE_NONE,0,0,0,Status
Struggle,165,,1,50,0,Normal,User takes 1/4 its max HP in recoil.,EFFTYPE_STRUGGLE,0,0,0,EFFTYPE_NONE,0,0,0,EFFTYPE_NONE,0,0,0,Physical
Sketch,166,,1,,0,Normal,Permanently becomes the target's last used move.,EFFTYPE_NONE,0,0,0,EFFTYPE_NONE,0,0,0,EFFTYPE_NONE,0,0,0,Status
Triple Kick,167,90,10,10,0,Fighting,"Hits three times, increasing power by 100% with each successful hit.",EFFTYPE_RAMP_MULTI_HIT,3,0,1,EFFTYPE_NONE,0,0,0,EFFTYPE_NONE,0,0,0,Physical
Thief,168,100,25,60,0,Dark,Takes the target's item.,EFFTYPE_STEAL,0,0,0,EFFTYPE_NONE,0,0,0,EFFTYPE_NONE,0,0,0,Physical
Spider Web,169,,10,,0,Bug,Prevents the target from leaving battle.,EFFTYPE_TRAP,0,0,0,EFFTYPE_NONE,0,0,0,EFFTYPE_NONE,0,0,0,Status
Mind Reader,170,,5,,0,Normal,Ensures that the user's next move will hit the target.,EFFTYPE_GUARANTEED_NEXT_HIT,0,0,0,EFFTYPE_NONE,0,0,0,EFFTYPE_NONE,0,0,0,Status
Nightmare,171,100,15,,0,Ghost,Target loses 1/4 its max HP every turn as long as it's asleep.,EFFTYPE_NIGHTMARE,0,0,0,EFFTYPE_NONE,0,0,0,EFFTYPE_NONE,0,0,0,Status
Flame Wheel,172,100,25,60,0,Fire,Has a $effect_chance% chance to burn the target.  Lets frozen Pokémon thaw themselves.,EFFTYPE_STATUS_CONDITION,0,1,"0,1",EFFTYPE_CURE_CONDITION,0,2,0,EFFTYPE_NONE,0,0,0,Physical
Snore,173,100,15,50,0,Normal,Has a $effect_chance% chance to make the target flinch.  Only works if the user is sleeping.,EFFTYPE_FLINCH,0,0,"0,3",EFFTYPE_NONE,0,0,0,EFFTYPE_NONE,0,0,0,Special
Curse,174,,10,,0,Ghost,Ghosts pay half their max HP to hurt the target every turn.  Others decrease Speed but raise Attack and Defense.,EFFTYPE_CURSE,0,0,0,EFFTYPE_NONE,0,0,0,EFFTYPE_NONE,0,0,0,Status
Flail,175,100,15,,0,Normal,"Inflicts more damage when the user has less HP remaining, with a maximum of 200 power.",EFFTYPE_REVERSAL,0,0,0,EFFTYPE_NONE,0,0,0,EFFTYPE_NONE,0,0,0,Physical
Conversion 2,176,,30,,0,Normal,Changes the user's type to a random type either resistant or immune to the last move used against it.,EFFTYPE_CONVERSION,0,0,0,EFFTYPE_NONE,0,0,0,EFFTYPE_NONE,0,0,0,Status
Aeroblast,177,95,5,100,0,Flying,Has an increased chance for a critical hit.,EFFTYPE_CRIT,0,0,0,EFFTYPE_NONE,0,0,0,EFFTYPE_NONE,0,0,0,Special
Cotton Spore,178,100,40,,0,Grass,Lowers the target's Speed by two stages.,EFFTYPE_DEBUFF,2,5,0,EFFTYPE_NONE,0,0,0,EFFTYPE_NONE,0,0,0,Status
Reversal,179,100,15,,0,Fighting,"Inflicts more damage when the user has less HP remaining, with a maximum of 200 power.",EFFTYPE_REVERSAL,0,0,0,EFFTYPE_NONE,0,0,0,EFFTYPE_NONE,0,0,0,Physical
Spite,180,100,10,,0,Ghost,Lowers the PP of the target's last used move by 4.,Lowers the PP of the target's last used move by 4.,0,0,0,EFFTYPE_NONE,0,0,0,EFFTYPE_NONE,0,0,0,Status
Powder Snow,181,100,25,40,0,Ice,Has a $effect_chance% chance to freeze the target.,EFFTYPE_STATUS_CONDITION,0,2,"0,1",EFFTYPE_NONE,0,0,0,EFFTYPE_NONE,0,0,0,Special
Protect,182,,10,,4,Normal,Prevents any moves from hitting the user this turn.,EFFTYPE_PROTECT,0,0,0,EFFTYPE_NONE,0,0,0,EFFTYPE_NONE,0,0,0,Status
Mach Punch,183,100,30,40,1,Fighting,Inflicts regular damage with no additional effect.,EFFTYPE_NONE,0,0,0,EFFTYPE_NONE,0,0,0,EFFTYPE_NONE,0,0,0,Physical
Scary Face,184,100,10,,0,Normal,Lowers the target's Speed by two stages.,EFFTYPE_DEBUFF,2,5,0,EFFTYPE_NONE,0,0,0,EFFTYPE_NONE,0,0,0,Status
Feint Attack,185,,20,60,0,Dark,Never misses.,EFFTYPE_NONE,0,0,0,EFFTYPE_NONE,0,0,0,EFFTYPE_NONE,0,0,0,Physical
Sweet Kiss,186,75,10,,0,Fairy,Confuses the target.,EFFTYPE_STATUS_CONDITION,0,5,1,EFFTYPE_NONE,0,0,0,EFFTYPE_NONE,0,0,0,Status
Belly Drum,187,,10,,0,Normal,User pays half its max HP to max out its Attack.,EFFTYPE_BUFF,6,1,1,EFFTYPE_HURT_SELF,50,0,0,EFFTYPE_NONE,0,0,0,Status
Sludge Bomb,188,100,10,90,0,Poison,Has a $effect_chance% chance to poison the target.,EFFTYPE_STATUS_CONDITION,0,3,"0,3",EFFTYPE_NONE,0,0,0,EFFTYPE_NONE,0,0,0,Special
Mud Slap,189,100,10,20,0,Ground,Has a $effect_chance% chance to lower the target's accuracy by one stage.,EFFTYPE_DEBUFF,1,6,1,EFFTYPE_NONE,0,0,0,EFFTYPE_NONE,0,0,0,Special
Octazooka,190,85,10,65,0,Water,Has a $effect_chance% chance to lower the target's accuracy by one stage.,EFFTYPE_DEBUFF,1,6,"0,5",EFFTYPE_NONE,0,0,0,EFFTYPE_NONE,0,0,0,Special
Spikes,191,,20,,0,Ground,"Scatters Spikes, hurting opposing Pokémon that switch in.",EFFTYPE_HAZARDS,1,0,0,EFFTYPE_NONE,0,0,0,EFFTYPE_NONE,0,0,0,Status
Zap Cannon,192,50,5,120,0,Electric,Has a $effect_chance% chance to paralyze the target.,EFFTYPE_STATUS_CONDITION,0,0,1,EFFTYPE_NONE,0,0,0,EFFTYPE_NONE,0,0,0,Special
Foresight,193,,40,,0,Normal,"Forces the target to have no Evade, and allows it to be hit by Normal and Fighting moves even if it's a Ghost.",EFFTYPE_FORESIGHT,0,0,0,EFFTYPE_NONE,0,0,0,EFFTYPE_NONE,0,0,0,Status
Destiny Bond,194,,5,,0,Ghost,"If the user faints this turn, the target automatically will, too.","If the user faints this turn, the target automatically will, too.",0,0,0,EFFTYPE_NONE,0,0,0,EFFTYPE_NONE,0,0,0,Status
Perish Song,195,,5,,0,Normal,User and target both faint after three turns.,User and target both faint after three turns.,0,0,0,EFFTYPE_NONE,0,0,0,EFFTYPE_NONE,0,0,0,Status
Icy Wind,196,95,15,55,0,Ice,Has a $effect_chance% chance to lower the target's Speed by one stage.,EFFTYPE_DEBUFF,1,5,1,EFFTYPE_NONE,0,0,0,EFFTYPE_NONE,0,0,0,Special
Detect,197,,5,,4,Fighting,Prevents any moves from hitting the user this turn.,Prevents any moves from hitting the user this turn.,0,0,0,EFFTYPE_NONE,0,0,0,EFFTYPE_NONE,0,0,0,Status
Bone Rush,198,90,10,25,0,Ground,Hits 2-5 times in one turn.,EFFTYPE_MULTI_HIT,0,0,0,EFFTYPE_NONE,0,0,0,EFFTYPE_NONE,0,0,0,Physical
Lock On,199,,5,,0,Normal,Ensures that the user's next move will hit the target.,Ensures that the user's next move will hit the target.,0,0,0,EFFTYPE_NONE,0,0,0,EFFTYPE_NONE,0,0,0,Status
Outrage,200,100,10,120,0,Dragon,"Hits every turn for 2-3 turns, then confuses the user.",EFFTYPE_OUTRAGE,0,0,0,EFFTYPE_NONE,0,0,0,EFFTYPE_NONE,0,0,0,Physical
Sandstorm,201,,10,,0,Rock,Changes the weather to a sandstorm for five turns.,Changes the weather to a sandstorm for five turns.,0,0,0,EFFTYPE_NONE,0,0,0,EFFTYPE_NONE,0,0,0,Status
Giga Drain,202,100,10,75,0,Grass,Drains half the damage inflicted to heal the user.,EFFTYPE_DRAIN,0,0,0,EFFTYPE_NONE,0,0,0,EFFTYPE_NONE,0,0,0,Special
Endure,203,,10,,4,Normal,Prevents the user's HP from lowering below 1 this turn.,Prevents the user's HP from lowering below 1 this turn.,0,0,0,EFFTYPE_NONE,0,0,0,EFFTYPE_NONE,0,0,0,Status
Charm,204,100,20,,0,Fairy,Lowers the target's Attack by two stages.,EFFTYPE_DEBUFF,2,1,0,EFFTYPE_NONE,0,0,0,EFFTYPE_NONE,0,0,0,Status
Rollout,205,90,20,30,0,Rock,"Power doubles every turn this move is used in succession after the first, resetting after five turns.","Power doubles every turn this move is used in succession after the first, resetting after five turns.",0,0,0,EFFTYPE_NONE,0,0,0,EFFTYPE_NONE,0,0,0,Physical
False Swipe,206,100,40,40,0,Normal,Cannot lower the target's HP below 1.,Cannot lower the target's HP below 1.,0,0,0,EFFTYPE_NONE,0,0,0,EFFTYPE_NONE,0,0,0,Physical
Swagger,207,85,15,,0,Normal,Raises the target's Attack by two stages and confuses the target.,EFFTYPE_BUFF_TARGET,2,1,1,EFFTYPE_STATUS_CONDITION,0,5,1,EFFTYPE_NONE,0,0,0,Status
Milk Drink,208,,10,,0,Normal,Heals the user by half its max HP.,Heals the user by half its max HP.,0,0,0,EFFTYPE_NONE,0,0,0,EFFTYPE_NONE,0,0,0,Status
Spark,209,100,20,65,0,Electric,Has a $effect_chance% chance to paralyze the target.,EFFTYPE_STATUS_CONDITION,0,0,"0,3",EFFTYPE_NONE,0,0,0,EFFTYPE_NONE,0,0,0,Physical
Fury Cutter,210,95,20,40,0,Bug,"Power doubles every turn this move is used in succession after the first, maxing out after five turns.","Power doubles every turn this move is used in succession after the first, maxing out after five turns.",0,0,0,EFFTYPE_NONE,0,0,0,EFFTYPE_NONE,0,0,0,Physical
Steel Wing,211,90,25,70,0,Steel,Has a $effect_chance% chance to raise the user's Defense by one stage.,Has a $effect_chance% chance to raise the user's Defense by one stage.,0,0,0,EFFTYPE_NONE,0,0,0,EFFTYPE_NONE,0,0,0,Physical
Mean Look,212,,5,,0,Normal,Prevents the target from leaving battle.,EFFTYPE_TRAP,0,0,0,EFFTYPE_NONE,0,0,0,EFFTYPE_NONE,0,0,0,Status
Attract,213,100,15,,0,Normal,"Target falls in love if it has the opposite gender, and has a 50% chance to refuse attacking the user.","Target falls in love if it has the opposite gender, and has a 50% chance to refuse attacking the user.",0,0,0,EFFTYPE_NONE,0,0,0,EFFTYPE_NONE,0,0,0,Status
Sleep Talk,214,,10,,0,Normal,Randomly uses one of the user's other three moves.  Only works if the user is sleeping.,Randomly uses one of the user's other three moves.  Only works if the user is sleeping.,0,0,0,EFFTYPE_NONE,0,0,0,EFFTYPE_NONE,0,0,0,Status
Heal Bell,215,,5,,0,Normal,Cures the entire party of major status effects.,Cures the entire party of major status effects.,0,0,0,EFFTYPE_NONE,0,0,0,EFFTYPE_NONE,0,0,0,Status
Return,216,100,20,,0,Normal,"Power increases with happiness, up to a maximum of 102.","Power increases with happiness, up to a maximum of 102.",0,0,0,EFFTYPE_NONE,0,0,0,EFFTYPE_NONE,0,0,0,Physical
Present,217,90,15,,0,Normal,Randomly inflicts damage with power from 40 to 120 or heals the target for 1/4 its max HP.,EFFTYPE_PRESENT,0,0,0,EFFTYPE_NONE,0,0,0,EFFTYPE_NONE,0,0,0,Physical
Frustration,218,100,20,,0,Normal,"Power increases as happiness decreases, up to a maximum of 102.","Power increases as happiness decreases, up to a maximum of 102.",0,0,0,EFFTYPE_NONE,0,0,0,EFFTYPE_NONE,0,0,0,Physical
Safeguard,219,,25,,0,Normal,Protects the user's field from major status ailments and confusion for five turns.,Protects the user's field from major status ailments and confusion for five turns.,0,0,0,EFFTYPE_NONE,0,0,0,EFFTYPE_NONE,0,0,0,Status
Pain Split,220,,20,,0,Normal,Sets the user's and targets's HP to the average of their current HP.,Sets the user's and targets's HP to the average of their current HP.,0,0,0,EFFTYPE_NONE,0,0,0,EFFTYPE_NONE,0,0,0,Status
Sacred Fire,221,95,5,100,0,Fire,Has a $effect_chance% chance to burn the target.  Lets frozen Pokémon thaw themselves.,EFFTYPE_STATUS_CONDITION  Lets frozen Pokémon thaw themselves.,0,1,"0,5",EFFTYPE_NONE,0,0,0,EFFTYPE_NONE,0,0,0,Physical
Magnitude,222,100,30,,0,Ground,Power varies randomly from 10 to 150.,EFFTYPE_MAGNITUDE,0,0,0,EFFTYPE_NONE,0,0,0,EFFTYPE_NONE,0,0,0,Physical
Dynamic Punch,223,50,5,100,0,Fighting,Has a $effect_chance% chance to confuse the target.,EFFTYPE_STATUS_CONDITION,0,5,1,EFFTYPE_NONE,0,0,0,EFFTYPE_NONE,0,0,0,Physical
Megahorn,224,85,10,120,0,Bug,Inflicts regular damage with no additional effect.,EFFTYPE_NONE,0,0,0,EFFTYPE_NONE,0,0,0,EFFTYPE_NONE,0,0,0,Physical
Dragon Breath,225,100,20,60,0,Dragon,Has a $effect_chance% chance to paralyze the target.,EFFTYPE_STATUS_CONDITION,0,0,"0,3",EFFTYPE_NONE,0,0,0,EFFTYPE_NONE,0,0,0,Special
Baton Pass,226,,40,,0,Normal,Allows the trainer to switch out the user and pass effects along to its replacement.,EFFTYPE_BATON_PASS,0,0,0,EFFTYPE_NONE,0,0,0,EFFTYPE_NONE,0,0,0,Status
Encore,227,100,5,,0,Normal,Forces the target to repeat its last used move every turn for 2 to 6 turns.,EFFTYPE_ENCORE,0,0,0,EFFTYPE_NONE,0,0,0,EFFTYPE_NONE,0,0,0,Status
Pursuit,228,100,20,40,0,Dark,"Has double power against, and can hit, Pokémon attempting to switch out.","Has double power against, and can hit, Pokémon attempting to switch out.",0,0,0,EFFTYPE_NONE,0,0,0,EFFTYPE_NONE,0,0,0,Physical
Rapid Spin,229,100,40,50,0,Normal,"Frees the user from binding moves, removes Leech Seed, and blows away Spikes.",EFFTYPE_REMOVE_HAZARDS,0,0,0,EFFTYPE_NONE,0,0,0,EFFTYPE_NONE,0,0,0,Physical
Sweet Scent,230,100,20,,0,Normal,Lowers the target's evasion by one stage.,EFFTYPE_DEBUFF,1,7,1,EFFTYPE_NONE,0,0,0,EFFTYPE_NONE,0,0,0,Status
Iron Tail,231,75,15,100,0,Steel,Has a $effect_chance% chance to lower the target's Defense by one stage.,EFFTYPE_DEBUFF,1,2,"0,3",EFFTYPE_NONE,0,0,0,EFFTYPE_NONE,0,0,0,Physical
Metal Claw,232,95,35,50,0,Steel,Has a $effect_chance% chance to raise the user's Attack by one stage.,Has a $effect_chance% chance to raise the user's Attack by one stage.,0,0,0,EFFTYPE_NONE,0,0,0,EFFTYPE_NONE,0,0,0,Physical
Vital Throw,233,,10,70,-1,Fighting,Never misses.,Never misses.,0,0,0,EFFTYPE_NONE,0,0,0,EFFTYPE_NONE,0,0,0,Physical
Morning Sun,234,,5,,0,Normal,Heals the user by half its max HP.  Affected by weather.,EFFTYPE_HEAL,50,0,0,EFFTYPE_NONE,0,0,0,EFFTYPE_NONE,0,0,0,Status
Synthesis,235,,5,,0,Grass,Heals the user by half its max HP.  Affected by weather.,EFFTYPE_HEAL,50,0,0,EFFTYPE_NONE,0,0,0,EFFTYPE_NONE,0,0,0,Status
Moonlight,236,,5,,0,Fairy,Heals the user by half its max HP.  Affected by weather.,EFFTYPE_HEAL,50,0,0,EFFTYPE_NONE,0,0,0,EFFTYPE_NONE,0,0,0,Status
Hidden Power,237,100,15,60,0,Normal,Power and type depend upon user's IVs.  Power can range from 30 to 70.,EFFTYPE_HIDDEN_POWER,0,0,0,EFFTYPE_NONE,0,0,0,EFFTYPE_NONE,0,0,0,Special
Cross Chop,238,80,5,100,0,Fighting,Has an increased chance for a critical hit.,EFFTYPE_CRIT,0,0,0,EFFTYPE_NONE,0,0,0,EFFTYPE_NONE,0,0,0,Physical
Twister,239,100,20,40,0,Dragon,Has a $effect_chance% chance to make the target flinch.,EFFTYPE_FLINCH,0,0,"0,2",EFFTYPE_NONE,0,0,0,EFFTYPE_NONE,0,0,0,Special
Rain Dance,240,,5,,0,Water,Changes the weather to rain for five turns.,Changes the weather to rain for five turns.,0,0,0,EFFTYPE_NONE,0,0,0,EFFTYPE_NONE,0,0,0,Status
Sunny Day,241,,5,,0,Fire,Changes the weather to sunny for five turns.,Changes the weather to sunny for five turns.,0,0,0,EFFTYPE_NONE,0,0,0,EFFTYPE_NONE,0,0,0,Status
Crunch,242,100,15,80,0,Dark,Has a $effect_chance% chance to lower the target's Defense by one stage.,EFFTYPE_DEBUFF,1,2,"0,2",EFFTYPE_NONE,0,0,0,EFFTYPE_NONE,0,0,0,Physical
Mirror Coat,243,100,20,,-5,Psychic,Inflicts twice the damage the user received from the last special hit it took.,Inflicts twice the damage the user received from the last special hit it took.,0,0,0,EFFTYPE_NONE,0,0,0,EFFTYPE_NONE,0,0,0,Special
Psych Up,244,,10,,0,Normal,Discards the user's stat changes and copies the target's.,Discards the user's stat changes and copies the target's.,0,0,0,EFFTYPE_NONE,0,0,0,EFFTYPE_NONE,0,0,0,Status
Extreme Speed,245,100,5,80,2,Normal,Inflicts regular damage with no additional effect.,EFFTYPE_NONE,0,0,0,EFFTYPE_NONE,0,0,0,EFFTYPE_NONE,0,0,0,Physical
Ancient Power,246,100,5,60,0,Rock,Has a $effect_chance% chance to raise all of the user's stats by one stage.,Has a $effect_chance% chance to raise all of the user's stats by one stage.,0,0,0,EFFTYPE_NONE,0,0,0,EFFTYPE_NONE,0,0,0,Special
Shadow Ball,247,100,15,80,0,Ghost,Has a $effect_chance% chance to lower the target's Special Defense by one stage.,EFFTYPE_DEBUFF,1,4,"0,2",EFFTYPE_NONE,0,0,0,EFFTYPE_NONE,0,0,0,Special
Future Sight,248,100,10,120,0,Psychic,Hits the target two turns later.,Hits the target two turns later.,0,0,0,EFFTYPE_NONE,0,0,0,EFFTYPE_NONE,0,0,0,Special
Rock Smash,249,100,15,40,0,Fighting,Has a $effect_chance% chance to lower the target's Defense by one stage.,EFFTYPE_DEBUFF,1,2,"0,5",EFFTYPE_NONE,0,0,0,EFFTYPE_NONE,0,0,0,Physical
Whirlpool,250,85,15,35,0,Water,Prevents the target from leaving battle and inflicts 1/16 its max HP in damage for 2-5 turns.,EFFTYPE_DAMAGE_TRAP,16,1,0,EFFTYPE_NONE,0,0,0,EFFTYPE_NONE,0,0,0,Special
Beat Up,251,100,10,,0,Dark,Hits once for every conscious Pokémon the trainer has.,Hits once for every conscious Pokémon the trainer has.,0,0,0,EFFTYPE_NONE,0,0,0,EFFTYPE_NONE,0,0,0,Physical
Fake Out,252,100,10,40,3,Normal,Can only be used as the first move after the user enters battle.  Causes the target to flinch.,Can only be used as the first move after the user enters battle.  Causes the target to flinch.,0,0,0,EFFTYPE_NONE,0,0,0,EFFTYPE_NONE,0,0,0,Physical
Uproar,253,100,10,90,0,Normal,Forced to use this move for several turns.  Pokémon cannot fall asleep in that time.,Forced to use this move for several turns.  Pokémon cannot fall asleep in that time.,0,0,0,EFFTYPE_NONE,0,0,0,EFFTYPE_NONE,0,0,0,Special
Stockpile,254,,20,,0,Normal,Stores energy up to three times for use with Spit Up and Swallow.,Stores energy up to three times for use with Spit Up and Swallow.,0,0,0,EFFTYPE_NONE,0,0,0,EFFTYPE_NONE,0,0,0,Status
Spit Up,255,100,10,,0,Normal,Power is 100 times the amount of energy Stockpiled.,Power is 100 times the amount of energy Stockpiled.,0,0,0,EFFTYPE_NONE,0,0,0,EFFTYPE_NONE,0,0,0,Special
Swallow,256,,10,,0,Normal,"Recovers 1/4 HP after one Stockpile, 1/2 HP after two Stockpiles, or full HP after three Stockpiles.","Recovers 1/4 HP after one Stockpile, 1/2 HP after two Stockpiles, or full HP after three Stockpiles.",0,0,0,EFFTYPE_NONE,0,0,0,EFFTYPE_NONE,0,0,0,Status
Heat Wave,257,90,10,95,0,Fire,Has a $effect_chance% chance to burn the target.,EFFTYPE_STATUS_CONDITION,0,1,"0,1",EFFTYPE_NONE,0,0,0,EFFTYPE_NONE,0,0,0,Special
Hail,258,,10,,0,Ice,Changes the weather to a hailstorm for five turns.,Changes the weather to a hailstorm for five turns.,0,0,0,EFFTYPE_NONE,0,0,0,EFFTYPE_NONE,0,0,0,Status
Torment,259,100,15,,0,Dark,Prevents the target from using the same move twice in a row.,EFFTYPE_DISABLE,0,1,0,EFFTYPE_NONE,0,0,0,EFFTYPE_NONE,0,0,0,Status
Flatter,260,100,15,,0,Dark,Raises the target's Special Attack by one stage and confuses the target.,EFFTYPE_BUFF_TARGET,1,3,1,EFFTYPE_STATUS_CONDITION,0,5,1,EFFTYPE_NONE,0,0,0,Status
Will O Wisp,261,85,15,,0,Fire,Burns the target.,EFFTYPE_STATUS_CONDITION,0,1,1,EFFTYPE_NONE,0,0,0,EFFTYPE_NONE,0,0,0,Status
Memento,262,100,10,,0,Dark,Lowers the target's Attack and Special Attack by two stages.  User faints.,EFFTYPE_MEMENTO,0,0,0,EFFTYPE_NONE,0,0,0,EFFTYPE_NONE,0,0,0,Status
Facade,263,100,20,70,0,Normal,"Power doubles if user is burned, paralyzed, or poisoned.","Power doubles if user is burned, paralyzed, or poisoned.",0,0,0,EFFTYPE_NONE,0,0,0,EFFTYPE_NONE,0,0,0,Physical
Focus Punch,264,100,20,150,-3,Fighting,"If the user takes damage before attacking, the attack is canceled.","If the user takes damage before attacking, the attack is canceled.",0,0,0,EFFTYPE_NONE,0,0,0,EFFTYPE_NONE,0,0,0,Physical
Smelling Salts,265,100,10,70,0,Normal,"If the target is paralyzed, inflicts double damage and cures the paralysis.","If the target is paralyzed, inflicts double damage and cures the paralysis.",0,0,0,EFFTYPE_NONE,0,0,0,EFFTYPE_NONE,0,0,0,Physical
Follow Me,266,,20,,2,Normal,Redirects the target's single-target effects to the user for this turn.,Redirects the target's single-target effects to the user for this turn.,0,0,0,EFFTYPE_NONE,0,0,0,EFFTYPE_NONE,0,0,0,Status
Nature Power,267,,20,,0,Normal,Uses a move which depends upon the terrain.,Uses a move which depends upon the terrain.,0,0,0,EFFTYPE_NONE,0,0,0,EFFTYPE_NONE,0,0,0,Status
Charge,268,,20,,0,Electric,Raises the user's Special Defense by one stage.  User's Electric moves have doubled power next turn.,EFFTYPE_BUFF,1,2,1,EFFTYPE_BUFF_NEXT_MOVE,0,0,0,EFFTYPE_NONE,0,0,0,Status
Taunt,269,100,20,,0,Dark,"For the next few turns, the target can only use damaging moves.",EFFTYPE_DISABLE,0,2,0,EFFTYPE_NONE,0,0,0,EFFTYPE_NONE,0,0,0,Status
Helping Hand,270,,20,,5,Normal,Ally's next move inflicts half more damage.,Ally's next move inflicts half more damage.,0,0,0,EFFTYPE_NONE,0,0,0,EFFTYPE_NONE,0,0,0,Status
Trick,271,100,10,,0,Psychic,User and target swap items.,User and target swap items.,0,0,0,EFFTYPE_NONE,0,0,0,EFFTYPE_NONE,0,0,0,Status
Role Play,272,,10,,0,Psychic,Copies the target's ability.,Copies the target's ability.,0,0,0,EFFTYPE_NONE,0,0,0,EFFTYPE_NONE,0,0,0,Status
Wish,273,,10,,0,Normal,User will recover half its max HP at the end of the next turn.,User will recover half its max HP at the end of the next turn.,0,0,0,EFFTYPE_NONE,0,0,0,EFFTYPE_NONE,0,0,0,Status
Assist,274,,20,,0,Normal,Randomly selects and uses one of the trainer's other Pokémon's moves.,Randomly selects and uses one of the trainer's other Pokémon's moves.,0,0,0,EFFTYPE_NONE,0,0,0,EFFTYPE_NONE,0,0,0,Status
Ingrain,275,,20,,0,Grass,Prevents the user from leaving battle.  User regains 1/16 of its max HP every turn.,Prevents the user from leaving battle.  User regains 1/16 of its max HP every turn.,0,0,0,EFFTYPE_NONE,0,0,0,EFFTYPE_NONE,0,0,0,Status
Superpower,276,100,5,120,0,Fighting,Lowers the user's Attack and Defense by one stage after inflicting damage.,Lowers the user's Attack and Defense by one stage after inflicting damage.,0,0,0,EFFTYPE_NONE,0,0,0,EFFTYPE_NONE,0,0,0,Physical
Magic Coat,277,,15,,4,Psychic,Reflects back the first effect move used on the user this turn.,Reflects back the first effect move used on the user this turn.,0,0,0,EFFTYPE_NONE,0,0,0,EFFTYPE_NONE,0,0,0,Status
Recycle,278,,10,,0,Normal,User recovers the item it last used up.,User recovers the item it last used up.,0,0,0,EFFTYPE_NONE,0,0,0,EFFTYPE_NONE,0,0,0,Status
Revenge,279,100,10,60,-4,Fighting,Inflicts double damage if the user takes damage before attacking this turn.,Inflicts double damage if the user takes damage before attacking this turn.,0,0,0,EFFTYPE_NONE,0,0,0,EFFTYPE_NONE,0,0,0,Physical
Brick Break,280,100,15,75,0,Fighting,Destroys Reflect and Light Screen.,Destroys Reflect and Light Screen.,0,0,0,EFFTYPE_NONE,0,0,0,EFFTYPE_NONE,0,0,0,Physical
Yawn,281,,10,,0,Normal,Target sleeps at the end of the next turn.,Target sleeps at the end of the next turn.,0,0,0,EFFTYPE_NONE,0,0,0,EFFTYPE_NONE,0,0,0,Status
Knock Off,282,100,20,65,0,Dark,Target drops its held item.,Target drops its held item.,0,0,0,EFFTYPE_NONE,0,0,0,EFFTYPE_NONE,0,0,0,Physical
Endeavor,283,100,5,,0,Normal,Lowers the target's HP to equal the user's.,EFFTYPE_ENDEAVOR,0,0,0,EFFTYPE_NONE,0,0,0,EFFTYPE_NONE,0,0,0,Physical
Eruption,284,100,5,150,0,Fire,"Inflicts more damage when the user has more HP remaining, with a maximum of 150 power.","Inflicts more damage when the user has more HP remaining, with a maximum of 150 power.",0,0,0,EFFTYPE_NONE,0,0,0,EFFTYPE_NONE,0,0,0,Special
Skill Swap,285,,10,,0,Psychic,User and target swap abilities.,User and target swap abilities.,0,0,0,EFFTYPE_NONE,0,0,0,EFFTYPE_NONE,0,0,0,Status
Imprison,286,,10,,0,Psychic,Prevents the target from using any moves that the user also knows.,Prevents the target from using any moves that the user also knows.,0,0,0,EFFTYPE_NONE,0,0,0,EFFTYPE_NONE,0,0,0,Status
Refresh,287,,20,,0,Normal,"Cleanses the user of a burn, paralysis, or poison.","Cleanses the user of a burn, paralysis, or poison.",0,0,0,EFFTYPE_NONE,0,0,0,EFFTYPE_NONE,0,0,0,Status
Grudge,288,,5,,0,Ghost,"If the user faints this turn, the PP of the move that fainted it drops to 0.","If the user faints this turn, the PP of the move that fainted it drops to 0.",0,0,0,EFFTYPE_NONE,0,0,0,EFFTYPE_NONE,0,0,0,Status
Snatch,289,,10,,4,Dark,"Steals the target's move, if it's self-targeted.","Steals the target's move, if it's self-targeted.",0,0,0,EFFTYPE_NONE,0,0,0,EFFTYPE_NONE,0,0,0,Status
Secret Power,290,100,20,70,0,Normal,Has a $effect_chance% chance to inflict a status effect which depends upon the terrain.,Has a $effect_chance% chance to inflict a status effect which depends upon the terrain.,0,0,0,EFFTYPE_NONE,0,0,0,EFFTYPE_NONE,0,0,0,Physical
Dive,291,100,10,80,0,Water,"User dives underwater, dodging all attacks, and hits next turn.",EFFTYPE_DIVE,0,0,0,EFFTYPE_NONE,0,0,0,EFFTYPE_NONE,0,0,0,Physical
Arm Thrust,292,100,20,15,0,Fighting,Hits 2-5 times in one turn.,EFFTYPE_MULTI_HIT,0,0,0,EFFTYPE_NONE,0,0,0,EFFTYPE_NONE,0,0,0,Physical
Camouflage,293,,20,,0,Normal,User's type changes to match the terrain.,User's type changes to match the terrain.,0,0,0,EFFTYPE_NONE,0,0,0,EFFTYPE_NONE,0,0,0,Status
Tail Glow,294,,20,,0,Bug,Raises the user's Special Attack by three stages.,EFFTYPE_BUFF,3,3,0,EFFTYPE_NONE,0,0,0,EFFTYPE_NONE,0,0,0,Status
Luster Purge,295,100,5,70,0,Psychic,Has a $effect_chance% chance to lower the target's Special Defense by one stage.,EFFTYPE_DEBUFF,1,4,"0,5",EFFTYPE_NONE,0,0,0,EFFTYPE_NONE,0,0,0,Special
Mist Ball,296,100,5,70,0,Psychic,Has a $effect_chance% chance to lower the target's Special Attack by one stage.,EFFTYPE_DEBUFF,1,3,"0,5",EFFTYPE_NONE,0,0,0,EFFTYPE_NONE,0,0,0,Special
Feather Dance,297,100,15,,0,Flying,Lowers the target's Attack by two stages.,EFFTYPE_DEBUFF,2,1,0,EFFTYPE_NONE,0,0,0,EFFTYPE_NONE,0,0,0,Status
Teeter Dance,298,100,20,,0,Normal,Confuses the target.,EFFTYPE_STATUS_CONDITION,0,5,1,EFFTYPE_NONE,0,0,0,EFFTYPE_NONE,0,0,0,Status
Blaze Kick,299,90,10,85,0,Fire,Has an increased chance for a critical hit and a $effect_chance% chance to burn the target.,Has an increased chance for a critical hit and a $effect_chance% chance to burn the target.,0,0,0,EFFTYPE_NONE,0,0,0,EFFTYPE_NONE,0,0,0,Physical
Mud Sport,300,,15,,0,Ground,Halves all Electric-type damage.,Halves all Electric-type damage.,0,0,0,EFFTYPE_NONE,0,0,0,EFFTYPE_NONE,0,0,0,Status
Ice Ball,301,90,20,30,0,Ice,"Power doubles every turn this move is used in succession after the first, resetting after five turns.","Power doubles every turn this move is used in succession after the first, resetting after five turns.",0,0,0,EFFTYPE_NONE,0,0,0,EFFTYPE_NONE,0,0,0,Physical
Needle Arm,302,100,15,60,0,Grass,Has a $effect_chance% chance to make the target flinch.,EFFTYPE_FLINCH,0,0,"0,3",EFFTYPE_NONE,0,0,0,EFFTYPE_NONE,0,0,0,Physical
Slack Off,303,,10,,0,Normal,Heals the user by half its max HP.,Heals the user by half its max HP.,0,0,0,EFFTYPE_NONE,0,0,0,EFFTYPE_NONE,0,0,0,Status
Hyper Voice,304,100,10,90,0,Normal,Inflicts regular damage with no additional effect.,EFFTYPE_NONE,0,0,0,EFFTYPE_NONE,0,0,0,EFFTYPE_NONE,0,0,0,Special
Poison Fang,305,100,15,50,0,Poison,Has a $effect_chance% chance to badly poison the target.,Has a $effect_chance% chance to badly poison the target.,0,0,0,EFFTYPE_NONE,0,0,0,EFFTYPE_NONE,0,0,0,Physical
Crush Claw,306,95,10,75,0,Normal,Has a $effect_chance% chance to lower the target's Defense by one stage.,EFFTYPE_DEBUFF,1,2,"0,5",EFFTYPE_NONE,0,0,0,EFFTYPE_NONE,0,0,0,Physical
Blast Burn,307,90,5,150,0,Fire,User foregoes its next turn to recharge.,EFFTYPE_RECHARGE,0,0,0,EFFTYPE_NONE,0,0,0,EFFTYPE_NONE,0,0,0,Special
Hydro Cannon,308,90,5,150,0,Water,User foregoes its next turn to recharge.,EFFTYPE_RECHARGE,0,0,0,EFFTYPE_NONE,0,0,0,EFFTYPE_NONE,0,0,0,Special
Meteor Mash,309,90,10,90,0,Steel,Has a $effect_chance% chance to raise the user's Attack by one stage.,Has a $effect_chance% chance to raise the user's Attack by one stage.,0,0,0,EFFTYPE_NONE,0,0,0,EFFTYPE_NONE,0,0,0,Physical
Astonish,310,100,15,30,0,Ghost,Has a $effect_chance% chance to make the target flinch.,EFFTYPE_FLINCH,0,0,"0,3",EFFTYPE_NONE,0,0,0,EFFTYPE_NONE,0,0,0,Physical
Weather Ball,311,100,10,50,0,Normal,"If there be weather, this move has doubled power and the weather's type.","If there be weather, this move has doubled power and the weather's type.",0,0,0,EFFTYPE_NONE,0,0,0,EFFTYPE_NONE,0,0,0,Special
Aromatherapy,312,,5,,0,Grass,Cures the entire party of major status effects.,Cures the entire party of major status effects.,0,0,0,EFFTYPE_NONE,0,0,0,EFFTYPE_NONE,0,0,0,Status
Fake Tears,313,100,20,,0,Dark,Lowers the target's Special Defense by two stages.,EFFTYPE_DEBUFF,2,4,0,EFFTYPE_NONE,0,0,0,EFFTYPE_NONE,0,0,0,Status
Air Cutter,314,95,25,60,0,Flying,Has an increased chance for a critical hit.,EFFTYPE_CRIT,0,0,0,EFFTYPE_NONE,0,0,0,EFFTYPE_NONE,0,0,0,Special
Overheat,315,90,5,130,0,Fire,Lowers the user's Special Attack by two stages after inflicting damage.,EFFTYPE_DEBUFF_SELF,2,3,1,EFFTYPE_NONE,0,0,0,EFFTYPE_NONE,0,0,0,Special
Odor Sleuth,316,,40,,0,Normal,"Forces the target to have no Evade, and allows it to be hit by Normal and Fighting moves even if it's a Ghost.","Forces the target to have no Evade, and allows it to be hit by Normal and Fighting moves even if it's a Ghost.",0,0,0,EFFTYPE_NONE,0,0,0,EFFTYPE_NONE,0,0,0,Status
Rock Tomb,317,95,15,60,0,Rock,Has a $effect_chance% chance to lower the target's Speed by one stage.,EFFTYPE_DEBUFF,1,5,1,EFFTYPE_NONE,0,0,0,EFFTYPE_NONE,0,0,0,Physical
Silver Wind,318,100,5,60,0,Bug,Has a $effect_chance% chance to raise all of the user's stats by one stage.,Has a $effect_chance% chance to raise all of the user's stats by one stage.,0,0,0,EFFTYPE_NONE,0,0,0,EFFTYPE_NONE,0,0,0,Special
Metal Sound,319,85,40,,0,Steel,Lowers the target's Special Defense by two stages.,EFFTYPE_DEBUFF,2,4,0,EFFTYPE_NONE,0,0,0,EFFTYPE_NONE,0,0,0,Status
Grass Whistle,320,55,15,,0,Grass,Puts the target to sleep.,Puts the target to sleep.,0,0,0,EFFTYPE_NONE,0,0,0,EFFTYPE_NONE,0,0,0,Status
Tickle,321,100,20,,0,Normal,Lowers the target's Attack and Defense by one stage.,EFFTYPE_DEBUFF,1,1,0,EFFTYPE_DEBUFF,1,2,0,EFFTYPE_NONE,0,0,0,Status
Cosmic Power,322,,20,,0,Psychic,Raises the user's Defense and Special Defense by one stage.,EFFTYPE_BUFF,1,2,0,EFFTYPE_BUFF,1,4,0,EFFTYPE_NONE,0,0,0,Status
Water Spout,323,100,5,150,0,Water,"Inflicts more damage when the user has more HP remaining, with a maximum of 150 power.","Inflicts more damage when the user has more HP remaining, with a maximum of 150 power.",0,0,0,EFFTYPE_NONE,0,0,0,EFFTYPE_NONE,0,0,0,Special
Signal Beam,324,100,15,75,0,Bug,Has a $effect_chance% chance to confuse the target.,EFFTYPE_STATUS_CONDITION,0,5,"0,1",EFFTYPE_NONE,0,0,0,EFFTYPE_NONE,0,0,0,Special
Shadow Punch,325,,20,60,0,Ghost,Never misses.,Never misses.,0,0,0,EFFTYPE_NONE,0,0,0,EFFTYPE_NONE,0,0,0,Physical
Extrasensory,326,100,20,80,0,Psychic,Has a $effect_chance% chance to make the target flinch.,EFFTYPE_FLINCH,0,0,"0,1",EFFTYPE_NONE,0,0,0,EFFTYPE_NONE,0,0,0,Special
Sky Uppercut,327,90,15,85,0,Fighting,Inflicts regular damage and can hit Bounce and Fly users.,EFFTYPE_HITS_BOUNCE,0,0,0,EFFTYPE_HITS_FLY,0,0,0,EFFTYPE_NONE,0,0,0,Physical
Sand Tomb,328,85,15,35,0,Ground,Prevents the target from fleeing and inflicts damage for 2-5 turns.,EFFTYPE_DAMAGE_TRAP,0,0,0,EFFTYPE_NONE,0,0,0,EFFTYPE_NONE,0,0,0,Physical
Sheer Cold,329,30,5,,0,Ice,Causes a one-hit KO.,EFFTYPE_OHKO,0,0,0,EFFTYPE_NONE,0,0,0,EFFTYPE_NONE,0,0,0,Special
Muddy Water,330,85,10,90,0,Water,Has a $effect_chance% chance to lower the target's accuracy by one stage.,EFFTYPE_DEBUFF,1,7,"0,3",EFFTYPE_NONE,0,0,0,EFFTYPE_NONE,0,0,0,Special
Bullet Seed,331,100,30,25,0,Grass,Hits 2-5 times in one turn.,EFFTYPE_MULTI_HIT,0,0,0,EFFTYPE_NONE,0,0,0,EFFTYPE_NONE,0,0,0,Physical
Aerial Ace,332,,20,60,0,Flying,Never misses.,Never misses.,0,0,0,EFFTYPE_NONE,0,0,0,EFFTYPE_NONE,0,0,0,Physical
Icicle Spear,333,100,30,25,0,Ice,Hits 2-5 times in one turn.,EFFTYPE_MULTI_HIT,0,0,0,EFFTYPE_NONE,0,0,0,EFFTYPE_NONE,0,0,0,Physical
Iron Defense,334,,15,,0,Steel,Raises the user's Defense by two stages.,EFFTYPE_BUFF,2,2,0,EFFTYPE_NONE,0,0,0,EFFTYPE_NONE,0,0,0,Status
Block,335,,5,,0,Normal,Prevents the target from leaving battle.,Prevents the target from leaving battle.,0,0,0,EFFTYPE_NONE,0,0,0,EFFTYPE_NONE,0,0,0,Status
Howl,336,,40,,0,Normal,Raises the user's Attack by one stage.,EFFTYPE_BUFF,1,1,0,EFFTYPE_NONE,0,0,0,EFFTYPE_NONE,0,0,0,Status
Dragon Claw,337,100,15,80,0,Dragon,Inflicts regular damage with no additional effect.,EFFTYPE_NONE,0,0,0,EFFTYPE_NONE,0,0,0,EFFTYPE_NONE,0,0,0,Physical
Frenzy Plant,338,90,5,150,0,Grass,User foregoes its next turn to recharge.,EFFTYPE_RECHARGE,0,0,0,EFFTYPE_NONE,0,0,0,EFFTYPE_NONE,0,0,0,Special
Bulk Up,339,,20,,0,Fighting,Raises the user's Attack and Defense by one stage.,EFFTYPE_BUFF,1,1,0,EFFTYPE_BUFF,1,2,0,EFFTYPE_NONE,0,0,0,Status
Bounce,340,85,5,85,0,Flying,"User bounces high into the air, dodging all attacks, and hits next turn.","User bounces high into the air, dodging all attacks, and hits next turn.",0,0,0,EFFTYPE_NONE,0,0,0,EFFTYPE_NONE,0,0,0,Physical
Mud Shot,341,95,15,55,0,Ground,Has a $effect_chance% chance to lower the target's Speed by one stage.,EFFTYPE_DEBUFF,1,5,1,EFFTYPE_NONE,0,0,0,EFFTYPE_NONE,0,0,0,Special
Poison Tail,342,100,25,50,0,Poison,Has an increased chance for a critical hit and a $effect_chance% chance to poison the target.,Has an increased chance for a critical hit and a $effect_chance% chance to poison the target.,0,0,0,EFFTYPE_NONE,0,0,0,EFFTYPE_NONE,0,0,0,Physical
Covet,343,100,25,60,0,Normal,Takes the target's item.,EFFTYPE_STEAL,0,0,0,EFFTYPE_NONE,0,0,0,EFFTYPE_NONE,0,0,0,Physical
Volt Tackle,344,100,15,120,0,Electric,User takes 1/3 the damage inflicted in recoil.  Has a $effect_chance% chance to paralyze the target.,EFFTYPE_RECOIL,3,0,0,EFFTYPE_STATUS_CONDITION,0,0,"0,1",EFFTYPE_NONE,0,0,0,Physical
Magical Leaf,345,,20,60,0,Grass,Never misses.,Never misses.,0,0,0,EFFTYPE_NONE,0,0,0,EFFTYPE_NONE,0,0,0,Special
Water Sport,346,,15,,0,Water,Halves all Fire-type damage.,Halves all Fire-type damage.,0,0,0,EFFTYPE_NONE,0,0,0,EFFTYPE_NONE,0,0,0,Status
Calm Mind,347,,20,,0,Psychic,Raises the user's Special Attack and Special Defense by one stage.,EFFTYPE_BUFF,1,3,0,EFFTYPE_BUFF,1,4,0,EFFTYPE_NONE,0,0,0,Status
Leaf Blade,348,100,15,90,0,Grass,Has an increased chance for a critical hit.,EFFTYPE_CRIT,0,0,0,EFFTYPE_NONE,0,0,0,EFFTYPE_NONE,0,0,0,Physical
Dragon Dance,349,,20,,0,Dragon,Raises the user's Attack and Speed by one stage.,EFFTYPE_BUFF,1,1,0,EFFTYPE_BUFF,1,5,0,EFFTYPE_NONE,0,0,0,Status
Rock Blast,350,90,10,25,0,Rock,Hits 2-5 times in one turn.,EFFTYPE_MULTI_HIT,0,0,0,EFFTYPE_NONE,0,0,0,EFFTYPE_NONE,0,0,0,Physical
Shock Wave,351,,20,60,0,Electric,Never misses.,Never misses.,0,0,0,EFFTYPE_NONE,0,0,0,EFFTYPE_NONE,0,0,0,Special
Water Pulse,352,100,20,60,0,Water,Has a $effect_chance% chance to confuse the target.,EFFTYPE_STATUS_CONDITION,0,5,"0,2",EFFTYPE_NONE,0,0,0,EFFTYPE_NONE,0,0,0,Special
Doom Desire,353,100,5,140,0,Steel,Hits the target two turns later.,Hits the target two turns later.,0,0,0,EFFTYPE_NONE,0,0,0,EFFTYPE_NONE,0,0,0,Special
Psycho Boost,354,90,5,140,0,Psychic,Lowers the user's Special Attack by two stages after inflicting damage.,EFFTYPE_DEBUFF_AFTER,2,3,0,EFFTYPE_NONE,0,0,0,EFFTYPE_NONE,0,0,0,Special